AccountID,BankName,AccountNumber,AccountType,ClearingHouseID
1,Bank of America,242186625,Business,2
2,Citibank,863257036,Checking,5
3,UBS,464284326,Corporate,5
4,Credit Suisse,829123505,Checking,2
5,HSBC,477396826,Savings,5
6,UBS,203525408,Savings,3
7,Citibank,558901221,Corporate,7
8,Bank of America,142717681,Checking,2
9,Bank of America,293921012,Checking,5
10,Barclays,983525417,Savings,5
11,Credit Suisse,498791307,Investment,4
12,Credit Suisse,454169815,Checking,6
13,HSBC,784666304,Checking,1
14,Deutsche Bank,564681029,Savings,7
15,UBS,334784776,Corporate,3
16,Barclays,444694777,Corporate,7
17,UBS,561357602,Business,6
18,Credit Suisse,447465433,Business,1
19,Goldman Sachs,503421449,Corporate,7
20,HSBC,459275868,Investment,3
21,Goldman Sachs,495481574,Business,3
22,HSBC,978582967,Checking,2
23,JPMorgan Chase,376752741,Checking,3
24,HSBC,979523636,Investment,2
25,Barclays,997753481,Corporate,5
26,Barclays,917364574,Corporate,4
27,JPMorgan Chase,460341681,Checking,7
28,Barclays,474575901,Checking,3
29,Barclays,386782089,Business,5
30,Citibank,357879389,Business,3
31,JPMorgan Chase,337287472,Savings,5
32,Wells Fargo,243013923,Corporate,3
33,Deutsche Bank,666110593,Corporate,3
34,Wells Fargo,368043509,Corporate,7
35,HSBC,300445476,Checking,1
36,Wells Fargo,280274400,Investment,7
37,Wells Fargo,481530913,Savings,3
38,Citibank,676222189,Corporate,2
39,Citibank,705053826,Business,2
40,Citibank,569698791,Business,3
41,Deutsche Bank,275883110,Savings,7
42,Bank of America,987862600,Investment,2
43,Goldman Sachs,648162777,Business,1
44,Credit Suisse,789806130,Checking,5
45,HSBC,846616040,Business,6
46,Goldman Sachs,639872058,Checking,7
47,Barclays,404453768,Corporate,2
48,Goldman Sachs,787558639,Investment,1
49,Wells Fargo,784751083,Business,2
50,Barclays,386740531,Business,2
51,Citibank,369718877,Investment,4
52,Credit Suisse,821284629,Investment,2
53,HSBC,460826369,Savings,3
54,Deutsche Bank,788005565,Savings,6
55,Barclays,245667305,Savings,1
56,JPMorgan Chase,360784013,Savings,6
57,JPMorgan Chase,731942400,Savings,2
58,Deutsche Bank,373574714,Investment,1
59,Deutsche Bank,755735872,Business,3
60,Wells Fargo,252895896,Corporate,1
61,HSBC,727320834,Corporate,4
62,Barclays,313095382,Business,2
63,Citibank,305448834,Checking,5
64,Deutsche Bank,372553875,Corporate,6
65,Credit Suisse,372025500,Savings,5
66,Deutsche Bank,531885128,Investment,2
67,JPMorgan Chase,168852358,Checking,2
68,JPMorgan Chase,933480653,Savings,7
69,Citibank,399700188,Corporate,1
70,Goldman Sachs,833486905,Investment,2
71,UBS,976137284,Corporate,1
72,Barclays,270321573,Checking,6
73,Wells Fargo,763216294,Checking,1
74,HSBC,442069176,Checking,4
75,Deutsche Bank,552079770,Savings,6
76,Wells Fargo,173661757,Savings,6
77,HSBC,829610951,Corporate,1
78,JPMorgan Chase,332636004,Investment,4
79,HSBC,657005446,Savings,4
80,JPMorgan Chase,531633667,Business,6
81,Credit Suisse,797600195,Business,2
82,HSBC,107224920,Savings,1
83,Barclays,628085639,Savings,3
84,Wells Fargo,523391758,Investment,5
85,Bank of America,259104543,Business,4
86,Wells Fargo,205575438,Investment,3
87,UBS,183142626,Business,2
88,Barclays,152698932,Savings,5
89,Citibank,648155241,Checking,4
90,Deutsche Bank,953789213,Savings,7
91,Credit Suisse,868913853,Investment,4
92,HSBC,206592878,Checking,4
93,Credit Suisse,427594982,Investment,2
94,JPMorgan Chase,137154724,Corporate,3
95,Deutsche Bank,179621474,Checking,6
96,Credit Suisse,329391066,Investment,1
97,Credit Suisse,415743120,Business,3
98,Barclays,586803396,Savings,4
99,Barclays,971130903,Checking,7
100,UBS,187309049,Corporate,2
101,Deutsche Bank,638088548,Savings,6
102,Goldman Sachs,839507253,Investment,6
103,HSBC,548753804,Corporate,4
104,Citibank,121438150,Corporate,6
105,JPMorgan Chase,497055450,Investment,4
106,Bank of America,818594075,Corporate,6
107,UBS,233513799,Investment,2
108,UBS,938845557,Savings,4
109,Citibank,509946520,Corporate,7
110,Goldman Sachs,736058943,Corporate,4
111,UBS,928151955,Checking,3
112,JPMorgan Chase,485271558,Checking,6
113,Barclays,748322645,Investment,3
114,Barclays,388183051,Savings,3
115,JPMorgan Chase,257252822,Checking,7
116,Bank of America,232489326,Investment,7
117,Credit Suisse,608325949,Corporate,5
118,Citibank,932397745,Business,3
119,JPMorgan Chase,894805062,Checking,4
120,Credit Suisse,638195424,Investment,6
121,Wells Fargo,624772205,Investment,3
122,Citibank,942289497,Checking,4
123,Deutsche Bank,126461444,Investment,1
124,Citibank,804584218,Savings,6
125,UBS,236143881,Savings,7
126,JPMorgan Chase,240712684,Checking,2
127,HSBC,372938976,Corporate,4
128,Citibank,767287059,Savings,6
129,Citibank,468039775,Business,2
130,UBS,720850819,Investment,6
131,Wells Fargo,296566677,Investment,3
132,Wells Fargo,974808922,Business,3
133,Credit Suisse,185230524,Corporate,1
134,Barclays,446202141,Investment,3
135,UBS,401999454,Corporate,2
136,UBS,327911791,Business,1
137,Citibank,885259614,Savings,6
138,Citibank,857901677,Corporate,2
139,Bank of America,193802537,Checking,4
140,Credit Suisse,677202675,Investment,4
141,Credit Suisse,372353689,Corporate,3
142,HSBC,212569206,Corporate,1
143,Credit Suisse,620337016,Investment,6
144,Wells Fargo,275334420,Investment,2
145,Barclays,143374558,Checking,5
146,Citibank,913629164,Savings,2
147,Barclays,464084504,Investment,5
148,UBS,446564169,Corporate,4
149,Credit Suisse,805130115,Investment,5
150,HSBC,669109162,Corporate,2
151,Citibank,295633594,Corporate,2
152,Bank of America,953257007,Investment,3
153,Wells Fargo,633529859,Savings,5
154,Deutsche Bank,625257519,Savings,5
155,Wells Fargo,875871033,Investment,6
156,Barclays,142772425,Business,5
157,Bank of America,245740159,Business,3
158,Citibank,990771772,Business,6
159,Barclays,227257224,Checking,2
160,Deutsche Bank,849965860,Savings,3
161,Wells Fargo,337063279,Investment,1
162,Citibank,985482449,Savings,2
163,Credit Suisse,641720828,Checking,7
164,Citibank,491646859,Checking,4
165,Wells Fargo,655541365,Savings,1
166,HSBC,166734940,Business,5
167,Goldman Sachs,596366100,Investment,3
168,Bank of America,171707501,Savings,2
169,Deutsche Bank,664313835,Savings,6
170,Citibank,218395224,Investment,3
171,Bank of America,836586709,Savings,4
172,Bank of America,218149165,Investment,3
173,Deutsche Bank,424927783,Business,3
174,Deutsche Bank,515530739,Corporate,7
175,Goldman Sachs,574781808,Investment,3
176,Goldman Sachs,497931438,Checking,2
177,JPMorgan Chase,810951355,Savings,4
178,Citibank,572078039,Checking,5
179,Credit Suisse,710317366,Investment,6
180,Citibank,914494859,Business,1
181,JPMorgan Chase,278667545,Business,7
182,Credit Suisse,203775587,Business,3
183,Bank of America,513264133,Business,3
184,HSBC,751082267,Corporate,5
185,Barclays,794143935,Corporate,2
186,UBS,833309542,Investment,4
187,Deutsche Bank,555924477,Checking,2
188,JPMorgan Chase,423554896,Business,2
189,JPMorgan Chase,882235116,Corporate,3
190,UBS,726942455,Corporate,1
191,JPMorgan Chase,207568078,Business,5
192,UBS,979460010,Checking,2
193,JPMorgan Chase,213993068,Checking,3
194,Citibank,335009629,Checking,1
195,UBS,544272469,Savings,7
196,HSBC,904430137,Business,3
197,HSBC,797321225,Savings,3
198,Citibank,765520576,Corporate,2
199,Deutsche Bank,975454145,Business,6
200,Credit Suisse,360776342,Savings,7
201,Goldman Sachs,602387885,Business,1
202,UBS,574337221,Investment,6
203,Credit Suisse,903891803,Investment,2
204,Bank of America,226676303,Corporate,3
205,JPMorgan Chase,307168559,Corporate,4
206,Wells Fargo,913632324,Investment,6
207,Bank of America,934020410,Checking,7
208,JPMorgan Chase,412562235,Business,1
209,UBS,450737240,Savings,4
210,Barclays,772765303,Checking,5
211,Goldman Sachs,828164319,Investment,5
212,UBS,624626743,Corporate,7
213,Wells Fargo,607049265,Business,5
214,Deutsche Bank,568947592,Business,7
215,Barclays,346590695,Savings,7
216,Citibank,930684357,Checking,5
217,JPMorgan Chase,280999276,Checking,3
218,Barclays,774382183,Checking,2
219,HSBC,234889801,Corporate,6
220,Goldman Sachs,589202825,Business,6
221,Barclays,185622759,Checking,5
222,HSBC,866948991,Business,2
223,Credit Suisse,320227013,Business,6
224,Goldman Sachs,796088452,Investment,1
225,JPMorgan Chase,839833973,Savings,5
226,JPMorgan Chase,675468167,Investment,1
227,Deutsche Bank,753639054,Corporate,2
228,UBS,828647661,Investment,4
229,UBS,391467035,Corporate,2
230,Wells Fargo,434075588,Corporate,2
231,Barclays,309973726,Savings,4
232,UBS,255790756,Checking,1
233,JPMorgan Chase,617684953,Business,4
234,Wells Fargo,457439329,Savings,4
235,Barclays,141024479,Savings,7
236,JPMorgan Chase,496861671,Business,5
237,Bank of America,206481491,Business,5
238,HSBC,382909512,Corporate,3
239,UBS,963958279,Checking,6
240,Wells Fargo,645336761,Checking,5
241,UBS,310551921,Corporate,1
242,HSBC,836716118,Business,1
243,JPMorgan Chase,199996123,Checking,3
244,Goldman Sachs,542802422,Checking,6
245,Credit Suisse,468524489,Business,1
246,HSBC,237102416,Corporate,4
247,Barclays,823758913,Corporate,5
248,JPMorgan Chase,833681867,Checking,3
249,Barclays,335291911,Corporate,7
250,Citibank,386272545,Corporate,4
251,Goldman Sachs,570083777,Checking,7
252,Barclays,185702342,Business,4
253,Wells Fargo,514951194,Investment,4
254,Barclays,643496073,Corporate,1
255,Citibank,692204650,Corporate,1
256,Wells Fargo,419839886,Business,2
257,Credit Suisse,730711952,Savings,2
258,Wells Fargo,403296068,Investment,2
259,Credit Suisse,426742818,Investment,5
260,Goldman Sachs,720949927,Corporate,4
261,Goldman Sachs,931733030,Checking,6
262,Bank of America,266626679,Savings,3
263,Wells Fargo,485636550,Corporate,7
264,Goldman Sachs,457793449,Checking,5
265,Wells Fargo,104824820,Business,6
266,Citibank,502261362,Savings,2
267,Deutsche Bank,708441251,Investment,6
268,Wells Fargo,804414954,Corporate,1
269,Barclays,872938820,Savings,1
270,Bank of America,227077838,Investment,4
271,JPMorgan Chase,630703804,Business,5
272,HSBC,894593530,Investment,3
273,Barclays,827820593,Business,6
274,UBS,276356413,Corporate,3
275,Bank of America,684508685,Savings,7
276,UBS,609491335,Savings,4
277,HSBC,118241605,Business,7
278,Deutsche Bank,172803794,Investment,3
279,Barclays,715392085,Checking,5
280,Bank of America,368464842,Investment,1
281,Barclays,109442752,Savings,3
282,HSBC,420031205,Checking,7
283,Deutsche Bank,788802192,Business,2
284,Wells Fargo,770449381,Checking,4
285,Bank of America,261015521,Checking,1
286,Bank of America,475318505,Checking,4
287,Credit Suisse,607730614,Savings,6
288,Citibank,750201178,Business,7
289,Barclays,761137732,Savings,7
290,JPMorgan Chase,811512049,Corporate,5
291,Credit Suisse,739439456,Business,3
292,UBS,367344978,Corporate,3
293,Credit Suisse,636481450,Savings,3
294,Wells Fargo,620659534,Checking,1
295,Wells Fargo,646079346,Savings,2
296,Credit Suisse,850103752,Savings,4
297,Wells Fargo,911612814,Business,4
298,HSBC,731534602,Investment,7
299,Wells Fargo,355200830,Savings,7
300,Goldman Sachs,105065761,Savings,2
301,HSBC,502742799,Corporate,4
302,Wells Fargo,676646832,Savings,6
303,Credit Suisse,725534124,Checking,6
304,Citibank,411048645,Savings,4
305,Barclays,596139074,Checking,2
306,Barclays,764936390,Business,5
307,HSBC,509694293,Business,7
308,Goldman Sachs,891487825,Business,4
309,Barclays,195105926,Checking,3
310,Credit Suisse,671019183,Business,6
311,Deutsche Bank,532733103,Investment,5
312,Credit Suisse,299778063,Investment,4
313,Citibank,781492517,Investment,4
314,JPMorgan Chase,592707699,Savings,7
315,UBS,557731059,Investment,6
316,JPMorgan Chase,471835119,Investment,7
317,Citibank,376695034,Investment,6
318,Goldman Sachs,781464123,Corporate,1
319,Goldman Sachs,629546770,Investment,7
320,Barclays,751289905,Checking,4
321,Deutsche Bank,813862328,Business,5
322,Credit Suisse,852298929,Checking,7
323,Deutsche Bank,371516419,Corporate,7
324,Deutsche Bank,489115479,Corporate,5
325,Credit Suisse,234772501,Corporate,5
326,Wells Fargo,520067004,Corporate,5
327,UBS,223526031,Savings,2
328,Barclays,212133316,Corporate,1
329,UBS,130645160,Checking,2
330,Barclays,641554344,Savings,7
331,Credit Suisse,307125791,Corporate,2
332,UBS,815300439,Savings,3
333,Deutsche Bank,447868259,Business,5
334,JPMorgan Chase,403062247,Corporate,3
335,JPMorgan Chase,615908595,Corporate,2
336,HSBC,103404074,Corporate,5
337,Deutsche Bank,773014691,Corporate,2
338,HSBC,767136568,Corporate,7
339,Credit Suisse,608374744,Corporate,2
340,Bank of America,967774825,Checking,2
341,Credit Suisse,495717048,Savings,3
342,UBS,301027741,Savings,2
343,Citibank,681244526,Investment,1
344,Deutsche Bank,990240121,Savings,3
345,Barclays,318579900,Savings,4
346,JPMorgan Chase,594175653,Investment,7
347,UBS,822838270,Investment,3
348,Deutsche Bank,351025385,Corporate,2
349,Barclays,853100250,Corporate,1
350,Wells Fargo,690830187,Business,6
351,Goldman Sachs,664044742,Business,7
352,Wells Fargo,743176643,Savings,3
353,Wells Fargo,678377329,Corporate,6
354,HSBC,249090769,Checking,3
355,UBS,347089225,Investment,6
356,UBS,256083703,Savings,4
357,Deutsche Bank,775235033,Corporate,7
358,Goldman Sachs,425920405,Savings,3
359,HSBC,539039353,Savings,3
360,Bank of America,353430427,Business,1
361,Barclays,550011176,Savings,4
362,Bank of America,158331656,Savings,4
363,Citibank,970918164,Savings,2
364,Goldman Sachs,572276346,Corporate,2
365,Credit Suisse,897548424,Investment,5
366,Wells Fargo,223443638,Checking,7
367,Barclays,914444840,Corporate,2
368,Deutsche Bank,408829804,Savings,3
369,Wells Fargo,873483028,Business,4
370,Deutsche Bank,176637058,Checking,4
371,JPMorgan Chase,229265024,Savings,7
372,Bank of America,407770389,Checking,3
373,Barclays,650626502,Business,2
374,Credit Suisse,853903553,Corporate,7
375,UBS,235945286,Savings,2
376,Citibank,361281670,Savings,3
377,Credit Suisse,922867571,Corporate,7
378,UBS,891165366,Savings,2
379,Deutsche Bank,732187678,Corporate,7
380,Bank of America,694505941,Checking,6
381,JPMorgan Chase,297326336,Corporate,2
382,JPMorgan Chase,193914188,Savings,7
383,Barclays,210601630,Investment,2
384,Citibank,837097199,Corporate,5
385,Barclays,491151013,Corporate,7
386,Credit Suisse,512102678,Investment,4
387,Credit Suisse,703457408,Corporate,3
388,Deutsche Bank,535348355,Savings,7
389,JPMorgan Chase,531912882,Savings,3
390,Credit Suisse,711497278,Investment,2
391,Bank of America,595187351,Corporate,1
392,Citibank,172345870,Savings,5
393,Citibank,773978174,Investment,6
394,Citibank,959597517,Checking,4
395,Goldman Sachs,595270700,Checking,6
396,JPMorgan Chase,663220806,Investment,4
397,Barclays,286317724,Investment,7
398,Goldman Sachs,395040200,Savings,4
399,Barclays,596985432,Business,6
400,Barclays,976206430,Investment,1
401,Wells Fargo,710568483,Business,5
402,Deutsche Bank,772409900,Business,4
403,Citibank,470042697,Checking,1
404,Goldman Sachs,791033227,Corporate,5
405,Goldman Sachs,484875799,Checking,5
406,UBS,850333202,Corporate,6
407,Citibank,312432726,Corporate,5
408,Goldman Sachs,361793731,Corporate,7
409,Barclays,504470759,Business,5
410,Citibank,827627055,Investment,7
411,HSBC,776510390,Business,6
412,Goldman Sachs,285324098,Business,3
413,Credit Suisse,783203420,Corporate,6
414,Wells Fargo,486464610,Investment,4
415,Bank of America,750579821,Checking,4
416,Citibank,748907514,Investment,1
417,Deutsche Bank,461997654,Investment,7
418,Credit Suisse,368520549,Investment,4
419,Citibank,935398438,Checking,3
420,HSBC,996071307,Savings,7
421,Citibank,542831446,Business,3
422,Citibank,921384470,Corporate,6
423,Credit Suisse,373120873,Savings,1
424,HSBC,261636043,Investment,2
425,Wells Fargo,732257754,Business,3
426,Goldman Sachs,757958907,Checking,5
427,Goldman Sachs,557161179,Savings,5
428,UBS,325883803,Checking,1
429,UBS,638244215,Savings,7
430,Deutsche Bank,979799869,Corporate,4
431,Credit Suisse,897038407,Investment,5
432,Credit Suisse,152979366,Investment,1
433,Credit Suisse,751063095,Savings,5
434,HSBC,136974321,Investment,3
435,Goldman Sachs,839928817,Corporate,5
436,JPMorgan Chase,681917138,Business,6
437,HSBC,876513091,Checking,2
438,Credit Suisse,103527223,Investment,4
439,Deutsche Bank,696237013,Investment,2
440,UBS,823119224,Checking,4
441,Credit Suisse,737643388,Corporate,3
442,JPMorgan Chase,864562154,Checking,4
443,JPMorgan Chase,504425270,Corporate,7
444,Bank of America,506444211,Investment,2
445,Bank of America,438611021,Corporate,2
446,Bank of America,326852335,Corporate,6
447,Deutsche Bank,459866032,Savings,5
448,Wells Fargo,584127142,Corporate,7
449,UBS,843741280,Checking,4
450,Wells Fargo,130321779,Investment,4
451,Barclays,228809195,Investment,4
452,Bank of America,636921058,Investment,1
453,Bank of America,176247068,Savings,3
454,Wells Fargo,823853109,Business,6
455,Barclays,829881085,Investment,2
456,Credit Suisse,200419500,Business,1
457,Deutsche Bank,182347617,Savings,7
458,HSBC,458518891,Investment,3
459,Goldman Sachs,618257041,Checking,7
460,JPMorgan Chase,496571027,Investment,3
461,Wells Fargo,739325268,Corporate,5
462,Goldman Sachs,494312927,Checking,2
463,JPMorgan Chase,868947039,Checking,1
464,HSBC,306275430,Savings,7
465,Credit Suisse,232608157,Business,5
466,Barclays,436016384,Business,5
467,Credit Suisse,685516567,Checking,1
468,Bank of America,623025428,Corporate,1
469,Deutsche Bank,921832348,Checking,3
470,Wells Fargo,793043916,Checking,6
471,HSBC,406410332,Investment,2
472,HSBC,295080916,Investment,2
473,Credit Suisse,448197690,Corporate,2
474,Citibank,852851732,Checking,3
475,Credit Suisse,119300100,Checking,5
476,Bank of America,719930828,Investment,1
477,Wells Fargo,367146908,Savings,1
478,HSBC,688710398,Business,3
479,HSBC,820192230,Business,4
480,JPMorgan Chase,615514483,Corporate,5
481,Goldman Sachs,416563378,Checking,3
482,Wells Fargo,992908611,Investment,5
483,Barclays,673634587,Corporate,6
484,UBS,517212842,Corporate,3
485,UBS,430158219,Investment,2
486,Deutsche Bank,511680158,Investment,6
487,Bank of America,754942307,Corporate,6
488,UBS,190004948,Savings,5
489,UBS,903416962,Business,5
490,Barclays,504312020,Business,3
491,Bank of America,319647350,Business,3
492,HSBC,322540827,Business,1
493,JPMorgan Chase,768772889,Investment,3
494,Barclays,860724764,Investment,3
495,Credit Suisse,999513911,Corporate,1
496,Credit Suisse,422354775,Business,3
497,Deutsche Bank,621040668,Savings,6
498,Deutsche Bank,939281866,Investment,5
499,Barclays,127185996,Investment,6
500,Bank of America,477927094,Business,1
501,Citibank,848512025,Corporate,2
502,HSBC,843993040,Corporate,4
503,Wells Fargo,962328555,Checking,6
504,Citibank,295257276,Business,4
505,Bank of America,503003911,Corporate,2
506,Citibank,325469751,Checking,3
507,JPMorgan Chase,427123931,Business,5
508,Bank of America,550489945,Corporate,6
509,JPMorgan Chase,396868606,Business,5
510,Citibank,620373945,Savings,4
511,Deutsche Bank,193520896,Checking,2
512,Wells Fargo,646104231,Savings,6
513,Credit Suisse,541630496,Corporate,5
514,Deutsche Bank,194283749,Checking,7
515,Deutsche Bank,790840703,Business,3
516,Goldman Sachs,630379337,Corporate,5
517,Citibank,853325244,Checking,5
518,Goldman Sachs,603068330,Business,5
519,HSBC,498487121,Business,4
520,Bank of America,715862579,Savings,5
521,Goldman Sachs,873907625,Savings,5
522,Barclays,921789977,Investment,5
523,Deutsche Bank,220209274,Corporate,6
524,Wells Fargo,834568918,Checking,4
525,UBS,280225182,Investment,4
526,Bank of America,448855279,Investment,3
527,Bank of America,105495655,Business,1
528,Credit Suisse,171634692,Checking,7
529,Credit Suisse,456776427,Corporate,1
530,Deutsche Bank,401662140,Business,3
531,Wells Fargo,188262398,Investment,2
532,Goldman Sachs,196037549,Business,7
533,Bank of America,413787499,Corporate,5
534,HSBC,247958936,Savings,2
535,Wells Fargo,230938621,Investment,3
536,JPMorgan Chase,249268202,Investment,1
537,Deutsche Bank,902107137,Corporate,5
538,UBS,427040644,Checking,5
539,Deutsche Bank,748401538,Investment,6
540,Goldman Sachs,363197739,Investment,3
541,Barclays,301143646,Corporate,7
542,JPMorgan Chase,387474281,Corporate,5
543,Credit Suisse,124010445,Checking,6
544,Bank of America,780025069,Savings,7
545,UBS,451902689,Investment,4
546,Wells Fargo,156035124,Investment,2
547,Barclays,285011057,Checking,6
548,Goldman Sachs,122741094,Business,3
549,Barclays,252017261,Corporate,3
550,Citibank,643587128,Business,1
551,Citibank,122308088,Investment,1
552,Deutsche Bank,133617155,Savings,4
553,Wells Fargo,722406558,Corporate,5
554,Goldman Sachs,534626206,Investment,3
555,Deutsche Bank,871715376,Corporate,2
556,Bank of America,855155391,Corporate,4
557,Bank of America,966855272,Corporate,3
558,Deutsche Bank,897003013,Investment,1
559,HSBC,905025504,Savings,4
560,Citibank,225859766,Investment,6
561,UBS,312216748,Checking,1
562,Barclays,704482516,Investment,2
563,HSBC,736968697,Checking,6
564,JPMorgan Chase,773093862,Investment,7
565,JPMorgan Chase,649347162,Investment,7
566,Credit Suisse,226794081,Corporate,6
567,UBS,668361689,Business,4
568,Credit Suisse,401633383,Business,2
569,JPMorgan Chase,567674723,Savings,5
570,Barclays,318507149,Corporate,4
571,HSBC,978634215,Investment,3
572,Citibank,177478434,Business,7
573,Goldman Sachs,954865742,Corporate,3
574,Bank of America,536121805,Business,3
575,Citibank,242292106,Investment,6
576,Citibank,697239204,Investment,6
577,Bank of America,438379852,Investment,2
578,UBS,966782111,Checking,1
579,Barclays,859459345,Business,6
580,JPMorgan Chase,619725999,Savings,7
581,Deutsche Bank,263324063,Business,5
582,JPMorgan Chase,812653363,Corporate,2
583,UBS,261354975,Investment,2
584,Deutsche Bank,745243892,Corporate,1
585,Bank of America,641212317,Investment,1
586,HSBC,959839750,Checking,2
587,Goldman Sachs,422596035,Corporate,6
588,Citibank,658345888,Savings,1
589,UBS,723413439,Investment,2
590,Deutsche Bank,281267842,Business,2
591,Citibank,161471399,Investment,6
592,JPMorgan Chase,759886948,Investment,7
593,Goldman Sachs,918471041,Checking,1
594,HSBC,937742696,Investment,7
595,Credit Suisse,922398810,Checking,2
596,Wells Fargo,348483772,Business,2
597,Bank of America,446625904,Investment,2
598,Wells Fargo,248769426,Business,4
599,Credit Suisse,308049895,Checking,5
600,Wells Fargo,589846530,Business,1
601,Goldman Sachs,691316103,Investment,4
602,HSBC,961897178,Corporate,1
603,Deutsche Bank,792337809,Investment,3
604,HSBC,509287441,Savings,1
605,Credit Suisse,998422635,Investment,5
606,Wells Fargo,815526332,Savings,5
607,Deutsche Bank,728314905,Savings,3
608,Citibank,686815040,Corporate,6
609,Deutsche Bank,248732266,Business,4
610,Goldman Sachs,993202193,Savings,6
611,Citibank,419438572,Investment,6
612,Citibank,302024120,Corporate,1
613,Bank of America,590796873,Corporate,7
614,Bank of America,981779686,Checking,3
615,Goldman Sachs,946563480,Savings,4
616,Bank of America,505199882,Corporate,7
617,UBS,986737175,Business,6
618,Barclays,251156892,Checking,5
619,HSBC,420497422,Investment,3
620,JPMorgan Chase,874045646,Investment,5
621,Credit Suisse,950068468,Checking,5
622,HSBC,499486769,Investment,7
623,Goldman Sachs,403173610,Checking,2
624,Bank of America,792460130,Investment,1
625,HSBC,898687721,Business,2
626,Goldman Sachs,415681756,Checking,6
627,Citibank,571612514,Business,6
628,HSBC,203901729,Savings,2
629,Goldman Sachs,314552711,Savings,4
630,Goldman Sachs,910379674,Checking,4
631,Wells Fargo,235042017,Business,1
632,Wells Fargo,812725423,Checking,5
633,Bank of America,464619345,Savings,2
634,Wells Fargo,291590802,Investment,3
635,UBS,252217026,Corporate,7
636,Credit Suisse,791213953,Corporate,3
637,Citibank,133234314,Savings,5
638,Bank of America,372002466,Investment,6
639,UBS,395557484,Business,3
640,HSBC,161252003,Business,5
641,Deutsche Bank,911902205,Savings,5
642,HSBC,917521305,Corporate,1
643,HSBC,607161806,Investment,6
644,Barclays,606665151,Checking,5
645,UBS,309077619,Corporate,4
646,HSBC,982574355,Investment,4
647,Wells Fargo,745374243,Business,6
648,Citibank,911429236,Savings,2
649,Bank of America,853309102,Business,1
650,Barclays,643533746,Savings,2
651,UBS,817774370,Checking,7
652,Bank of America,195254688,Savings,3
653,Wells Fargo,549439941,Savings,6
654,Citibank,515030473,Business,2
655,HSBC,817240208,Corporate,1
656,Deutsche Bank,736092241,Business,7
657,Wells Fargo,486529733,Checking,7
658,Credit Suisse,249714908,Savings,6
659,Citibank,531914999,Corporate,3
660,Goldman Sachs,509901848,Savings,6
661,Goldman Sachs,111694527,Business,4
662,Barclays,806226887,Savings,4
663,Credit Suisse,808716398,Savings,2
664,HSBC,432472876,Checking,1
665,Goldman Sachs,507871365,Checking,2
666,HSBC,221805347,Savings,7
667,Barclays,953137782,Checking,5
668,Credit Suisse,886071973,Checking,1
669,Bank of America,296682906,Savings,5
670,Citibank,284418239,Checking,7
671,Credit Suisse,922888651,Savings,2
672,JPMorgan Chase,152401964,Business,4
673,HSBC,103038004,Savings,1
674,Credit Suisse,659506828,Corporate,3
675,Credit Suisse,610641052,Checking,1
676,Deutsche Bank,992827939,Investment,6
677,JPMorgan Chase,833282012,Checking,3
678,JPMorgan Chase,912295144,Investment,3
679,Bank of America,322335168,Business,3
680,Deutsche Bank,942749884,Savings,5
681,Bank of America,122038202,Savings,4
682,Wells Fargo,530918728,Investment,4
683,JPMorgan Chase,625692179,Checking,3
684,Citibank,827345352,Savings,6
685,JPMorgan Chase,521710655,Business,6
686,JPMorgan Chase,322617899,Savings,5
687,JPMorgan Chase,994123722,Corporate,7
688,Deutsche Bank,842662909,Business,6
689,Deutsche Bank,754934269,Checking,4
690,Credit Suisse,950947861,Savings,6
691,Bank of America,727194606,Business,1
692,Goldman Sachs,426965555,Checking,1
693,Wells Fargo,199268131,Investment,7
694,Barclays,618251468,Business,4
695,Deutsche Bank,540873934,Corporate,3
696,Deutsche Bank,635875559,Savings,3
697,Deutsche Bank,570809106,Checking,1
698,Wells Fargo,938252735,Business,1
699,Citibank,681748896,Investment,3
700,HSBC,658002241,Business,5
701,JPMorgan Chase,665243485,Checking,5
702,Barclays,991965215,Corporate,3
703,JPMorgan Chase,347014778,Savings,4
704,Deutsche Bank,977076072,Checking,2
705,Goldman Sachs,224457414,Corporate,3
706,Citibank,114427639,Corporate,3
707,Bank of America,432521885,Investment,6
708,Citibank,398220042,Business,2
709,HSBC,178663417,Business,1
710,Credit Suisse,518883696,Corporate,6
711,Bank of America,704474167,Savings,7
712,Goldman Sachs,374656674,Investment,7
713,Goldman Sachs,831288941,Savings,4
714,Barclays,397054190,Business,6
715,Wells Fargo,915238238,Checking,4
716,Goldman Sachs,178675647,Investment,3
717,JPMorgan Chase,984745650,Checking,2
718,JPMorgan Chase,237758206,Savings,6
719,Citibank,276541666,Investment,3
720,JPMorgan Chase,416154311,Checking,3
721,Credit Suisse,898619125,Savings,5
722,Wells Fargo,285809161,Business,3
723,Goldman Sachs,606988526,Investment,6
724,Barclays,417445138,Checking,3
725,UBS,848826691,Investment,4
726,UBS,857884113,Business,2
727,Deutsche Bank,818938915,Savings,5
728,JPMorgan Chase,194041854,Checking,1
729,UBS,774236295,Business,3
730,Citibank,920928989,Corporate,2
731,Citibank,886194235,Checking,4
732,Citibank,729066008,Corporate,4
733,Goldman Sachs,164573691,Savings,7
734,Barclays,635598091,Corporate,4
735,JPMorgan Chase,796414771,Corporate,2
736,HSBC,578049966,Business,1
737,Credit Suisse,848935404,Corporate,7
738,Credit Suisse,893894143,Savings,3
739,Credit Suisse,507417517,Corporate,7
740,UBS,656994182,Investment,4
741,Credit Suisse,787104595,Corporate,4
742,Citibank,980609325,Corporate,2
743,UBS,997058729,Corporate,3
744,Bank of America,521667318,Corporate,3
745,Barclays,765413641,Corporate,4
746,Wells Fargo,516588147,Checking,5
747,Goldman Sachs,571227898,Savings,1
748,Deutsche Bank,175436007,Investment,3
749,JPMorgan Chase,866694162,Savings,5
750,Goldman Sachs,906644994,Checking,2
751,Wells Fargo,794048222,Savings,3
752,JPMorgan Chase,650568928,Savings,7
753,JPMorgan Chase,681739190,Investment,2
754,HSBC,251130904,Investment,4
755,Deutsche Bank,723297945,Investment,4
756,Barclays,918438298,Checking,1
757,Deutsche Bank,300095467,Checking,7
758,Credit Suisse,317308557,Investment,3
759,Bank of America,704160966,Savings,5
760,Citibank,646062464,Savings,6
761,HSBC,583434398,Checking,1
762,JPMorgan Chase,332253212,Investment,5
763,Citibank,397394758,Savings,1
764,JPMorgan Chase,942499497,Investment,6
765,Barclays,304759650,Business,1
766,HSBC,536840913,Savings,3
767,HSBC,491628332,Investment,2
768,JPMorgan Chase,724609506,Savings,6
769,Citibank,118338565,Investment,6
770,JPMorgan Chase,436330693,Business,7
771,HSBC,327869848,Savings,5
772,Bank of America,605110368,Checking,1
773,UBS,721131806,Business,6
774,Barclays,471411855,Savings,7
775,Wells Fargo,466558969,Savings,4
776,Wells Fargo,495791658,Corporate,2
777,Credit Suisse,445504020,Business,5
778,Goldman Sachs,764828034,Savings,1
779,UBS,297522044,Investment,6
780,Goldman Sachs,642256614,Checking,6
781,HSBC,645846357,Corporate,3
782,Barclays,536803599,Business,4
783,Barclays,813788692,Savings,3
784,Bank of America,906730407,Business,3
785,Deutsche Bank,374479524,Investment,4
786,Bank of America,286608844,Investment,1
787,Bank of America,119574304,Investment,5
788,Wells Fargo,777504057,Checking,1
789,Wells Fargo,460354732,Checking,6
790,Bank of America,960892200,Savings,5
791,HSBC,172020851,Corporate,5
792,Deutsche Bank,969900489,Business,4
793,UBS,251615644,Corporate,7
794,Goldman Sachs,877655034,Savings,5
795,Wells Fargo,351572768,Checking,4
796,UBS,620604771,Checking,6
797,HSBC,874154799,Business,5
798,UBS,187788359,Corporate,7
799,JPMorgan Chase,799936658,Checking,6
800,Wells Fargo,835202346,Business,7
801,Bank of America,631222087,Investment,7
802,Barclays,900299174,Business,5
803,Goldman Sachs,378266302,Investment,4
804,Credit Suisse,142711084,Business,7
805,Wells Fargo,912778811,Checking,2
806,JPMorgan Chase,997720142,Investment,5
807,Deutsche Bank,917992027,Checking,4
808,UBS,293991620,Business,1
809,UBS,585440814,Savings,6
810,Bank of America,589116403,Investment,1
811,Deutsche Bank,358360337,Corporate,4
812,Citibank,920008065,Business,2
813,JPMorgan Chase,764624985,Corporate,3
814,Credit Suisse,316414687,Checking,3
815,Deutsche Bank,855619600,Corporate,1
816,UBS,434955358,Checking,2
817,Barclays,959659397,Checking,2
818,Wells Fargo,525489674,Business,2
819,Citibank,405414632,Checking,7
820,Barclays,186889784,Corporate,3
821,UBS,729717464,Savings,4
822,Bank of America,877148650,Corporate,3
823,Goldman Sachs,476782665,Checking,5
824,Goldman Sachs,462965246,Investment,3
825,Credit Suisse,142625654,Corporate,2
826,JPMorgan Chase,816052103,Savings,1
827,UBS,634848484,Savings,1
828,Wells Fargo,152115355,Investment,3
829,HSBC,799046164,Savings,2
830,Wells Fargo,408572672,Savings,1
831,Bank of America,623308446,Investment,5
832,Citibank,220916338,Corporate,6
833,JPMorgan Chase,177677264,Checking,1
834,Wells Fargo,989019119,Investment,6
835,UBS,648413486,Business,3
836,HSBC,583198322,Business,3
837,Barclays,771312280,Checking,4
838,Barclays,528187472,Business,2
839,Citibank,704576864,Checking,4
840,Goldman Sachs,328555016,Checking,3
841,Barclays,341160916,Business,3
842,Barclays,424198184,Investment,3
843,Goldman Sachs,438780582,Investment,7
844,Barclays,104684149,Investment,4
845,Credit Suisse,379301150,Savings,6
846,JPMorgan Chase,528103040,Savings,7
847,Deutsche Bank,285220031,Business,1
848,Goldman Sachs,773817639,Corporate,1
849,Goldman Sachs,628894205,Investment,6
850,Citibank,248491689,Savings,4
851,HSBC,644732832,Savings,2
852,Credit Suisse,411087184,Savings,1
853,Wells Fargo,312758487,Savings,4
854,Wells Fargo,924567954,Corporate,1
855,Citibank,133187100,Investment,6
856,Credit Suisse,978618798,Investment,1
857,Wells Fargo,547522957,Savings,7
858,JPMorgan Chase,803114767,Checking,7
859,Credit Suisse,948230549,Checking,1
860,Goldman Sachs,404249485,Checking,7
861,Barclays,495819776,Savings,7
862,Bank of America,907675816,Business,4
863,Wells Fargo,465151762,Business,4
864,Credit Suisse,730420121,Investment,3
865,Goldman Sachs,580248904,Savings,3
866,HSBC,183559853,Business,1
867,HSBC,170412756,Business,6
868,Credit Suisse,413632301,Corporate,1
869,Barclays,276321452,Savings,7
870,Goldman Sachs,623210672,Corporate,6
871,Bank of America,477499222,Corporate,4
872,HSBC,348108614,Savings,7
873,Credit Suisse,843755414,Checking,6
874,Credit Suisse,804076272,Corporate,2
875,Bank of America,436301022,Corporate,4
876,Citibank,836657164,Business,3
877,Wells Fargo,652847736,Corporate,3
878,Deutsche Bank,346717929,Investment,6
879,Bank of America,474923551,Checking,4
880,Barclays,619030634,Business,5
881,Wells Fargo,705794924,Investment,2
882,Wells Fargo,717469521,Investment,1
883,UBS,269398189,Corporate,3
884,Barclays,628745406,Corporate,4
885,Deutsche Bank,956864201,Business,5
886,Credit Suisse,819992623,Corporate,6
887,Deutsche Bank,874575224,Savings,4
888,Deutsche Bank,658733235,Corporate,7
889,JPMorgan Chase,595933254,Investment,3
890,Credit Suisse,378905420,Checking,5
891,Wells Fargo,418553951,Savings,1
892,Credit Suisse,921106716,Investment,1
893,Citibank,222896428,Corporate,2
894,Wells Fargo,390732549,Investment,3
895,Wells Fargo,800653683,Investment,3
896,JPMorgan Chase,246596482,Corporate,5
897,HSBC,697657214,Savings,3
898,HSBC,848011716,Corporate,6
899,Deutsche Bank,388686591,Savings,1
900,HSBC,744333530,Investment,5
901,UBS,499887732,Corporate,2
902,Barclays,615527530,Corporate,6
903,JPMorgan Chase,813745320,Business,4
904,Deutsche Bank,523833327,Business,2
905,Bank of America,290676200,Business,1
906,Bank of America,993876752,Corporate,5
907,Barclays,610576059,Checking,1
908,HSBC,948116434,Corporate,2
909,Wells Fargo,986530785,Corporate,5
910,JPMorgan Chase,392092270,Corporate,1
911,HSBC,111223463,Savings,4
912,Credit Suisse,426260643,Corporate,4
913,Goldman Sachs,320381138,Business,5
914,UBS,719921681,Corporate,2
915,UBS,838955620,Corporate,2
916,UBS,458930542,Checking,7
917,Goldman Sachs,954423843,Business,2
918,UBS,447859885,Business,1
919,Bank of America,321004990,Savings,4
920,Goldman Sachs,487127008,Business,4
921,Goldman Sachs,418409587,Investment,6
922,Citibank,830951131,Checking,3
923,Bank of America,847989635,Investment,4
924,JPMorgan Chase,313434061,Corporate,6
925,Barclays,548179960,Savings,6
926,HSBC,907189058,Savings,2
927,Barclays,259859860,Checking,4
928,HSBC,108861407,Savings,7
929,HSBC,447678808,Checking,1
930,Credit Suisse,418454344,Savings,1
931,Deutsche Bank,974661662,Corporate,2
932,Bank of America,710565162,Business,7
933,Deutsche Bank,333201767,Savings,6
934,Wells Fargo,264705595,Business,7
935,JPMorgan Chase,467695879,Investment,6
936,Wells Fargo,122671818,Savings,7
937,Credit Suisse,215704809,Corporate,5
938,Citibank,739025577,Savings,2
939,UBS,154812422,Investment,1
940,Citibank,257154620,Business,2
941,Deutsche Bank,808621506,Savings,2
942,UBS,101933191,Savings,6
943,Barclays,877298688,Checking,7
944,HSBC,750842514,Checking,4
945,UBS,979796350,Investment,7
946,HSBC,438507917,Savings,6
947,UBS,656074503,Checking,3
948,Credit Suisse,886312181,Investment,7
949,JPMorgan Chase,563878573,Savings,2
950,Barclays,514434867,Checking,7
951,HSBC,914435518,Investment,4
952,Deutsche Bank,541229358,Checking,2
953,Deutsche Bank,990405044,Checking,6
954,Deutsche Bank,577080374,Savings,2
955,JPMorgan Chase,732003937,Investment,6
956,Citibank,637937476,Savings,2
957,Bank of America,420393468,Checking,5
958,UBS,123150492,Investment,2
959,JPMorgan Chase,729034044,Business,5
960,Barclays,522963507,Checking,5
961,Bank of America,345393056,Savings,2
962,Deutsche Bank,556142002,Savings,7
963,Deutsche Bank,304205405,Business,2
964,UBS,546741848,Checking,1
965,Goldman Sachs,315308939,Business,5
966,Deutsche Bank,620313809,Savings,2
967,UBS,628494487,Business,1
968,Citibank,665387440,Investment,6
969,HSBC,945327780,Savings,3
970,HSBC,704470719,Savings,2
971,Wells Fargo,792392737,Corporate,1
972,UBS,134754546,Savings,5
973,Credit Suisse,372625844,Investment,7
974,JPMorgan Chase,258683402,Business,3
975,Deutsche Bank,652217862,Investment,6
976,Deutsche Bank,789146792,Business,7
977,JPMorgan Chase,374136608,Checking,6
978,Deutsche Bank,706197527,Business,1
979,Wells Fargo,154102425,Checking,3
980,Wells Fargo,779626200,Savings,7
981,Citibank,486056967,Checking,6
982,Citibank,183029591,Business,2
983,Credit Suisse,930425338,Corporate,7
984,UBS,942830129,Corporate,1
985,HSBC,571711837,Investment,1
986,Wells Fargo,303490177,Investment,3
987,Barclays,320410453,Business,7
988,Wells Fargo,616963779,Business,2
989,Wells Fargo,624138472,Checking,5
990,UBS,126346265,Savings,7
991,JPMorgan Chase,131090464,Investment,2
992,Credit Suisse,852017162,Business,5
993,Bank of America,884347250,Checking,7
994,Barclays,445046248,Savings,3
995,Barclays,769582213,Checking,3
996,UBS,653444660,Savings,2
997,Bank of America,565403132,Business,3
998,Goldman Sachs,819769361,Corporate,4
999,UBS,111023062,Business,4
1000,Barclays,242878227,Investment,4
1001,Citibank,816198074,Business,3
1002,Citibank,355832051,Business,7
1003,Deutsche Bank,748371695,Savings,1
1004,Citibank,201123707,Savings,1
1005,Credit Suisse,940956557,Business,2
1006,Deutsche Bank,914878645,Checking,2
1007,Goldman Sachs,775190422,Checking,1
1008,HSBC,808595065,Business,4
1009,Barclays,377156473,Checking,6
1010,HSBC,197404843,Business,5
1011,Wells Fargo,391376325,Corporate,2
1012,Wells Fargo,201586413,Investment,5
1013,UBS,822074143,Corporate,2
1014,Goldman Sachs,815055003,Savings,6
1015,UBS,761234491,Checking,2
1016,UBS,163779988,Investment,2
1017,Bank of America,787132189,Checking,1
1018,Citibank,421793217,Investment,6
1019,UBS,989259864,Corporate,5
1020,Deutsche Bank,789835762,Corporate,7
1021,JPMorgan Chase,159991033,Business,6
1022,HSBC,241280999,Corporate,2
1023,Barclays,175350029,Business,4
1024,Barclays,176248531,Business,6
1025,Bank of America,969215241,Savings,6
1026,Bank of America,814192662,Investment,5
1027,Wells Fargo,382981193,Checking,2
1028,HSBC,958202979,Business,1
1029,JPMorgan Chase,598694940,Investment,4
1030,Deutsche Bank,243027343,Savings,7
1031,HSBC,661499071,Business,6
1032,Credit Suisse,487148175,Investment,1
1033,Barclays,666614633,Investment,3
1034,HSBC,446052650,Corporate,6
1035,Bank of America,793922517,Business,3
1036,UBS,273189211,Savings,6
1037,Goldman Sachs,934230784,Checking,7
1038,Wells Fargo,646772453,Business,2
1039,Bank of America,711554843,Business,7
1040,Bank of America,722757446,Savings,3
1041,Goldman Sachs,758879873,Corporate,5
1042,UBS,396290693,Savings,7
1043,Credit Suisse,969212776,Checking,2
1044,Citibank,268121877,Business,1
1045,Deutsche Bank,791773182,Checking,1
1046,Deutsche Bank,586405789,Corporate,3
1047,HSBC,322660579,Savings,2
1048,Wells Fargo,662986757,Checking,6
1049,Deutsche Bank,110987204,Corporate,4
1050,Bank of America,150372056,Checking,6
1051,Deutsche Bank,710920429,Investment,2
1052,Wells Fargo,917900782,Savings,7
1053,Citibank,855518826,Business,2
1054,HSBC,198089615,Investment,7
1055,UBS,834957196,Business,7
1056,Wells Fargo,311499698,Savings,2
1057,HSBC,981839836,Corporate,1
1058,HSBC,641510062,Investment,3
1059,JPMorgan Chase,811407104,Corporate,1
1060,Credit Suisse,361314567,Business,4
1061,Barclays,586906363,Checking,3
1062,Citibank,388168871,Business,3
1063,UBS,583466300,Checking,2
1064,UBS,925265023,Business,3
1065,JPMorgan Chase,437298749,Savings,3
1066,JPMorgan Chase,342011246,Business,3
1067,Credit Suisse,135319191,Business,6
1068,UBS,596160754,Checking,1
1069,JPMorgan Chase,896619785,Corporate,1
1070,Credit Suisse,592426829,Business,6
1071,Deutsche Bank,921061614,Corporate,1
1072,Goldman Sachs,324532479,Savings,5
1073,JPMorgan Chase,561387850,Savings,1
1074,Deutsche Bank,874120247,Corporate,6
1075,Bank of America,634884120,Corporate,3
1076,JPMorgan Chase,752923912,Checking,5
1077,Citibank,149077846,Checking,7
1078,JPMorgan Chase,851996000,Business,4
1079,JPMorgan Chase,309622657,Savings,2
1080,Goldman Sachs,501643071,Corporate,5
1081,Credit Suisse,870754286,Checking,1
1082,Bank of America,518858939,Business,5
1083,Wells Fargo,451048094,Checking,1
1084,UBS,687259738,Investment,7
1085,Deutsche Bank,511809726,Corporate,6
1086,UBS,333174598,Savings,3
1087,Barclays,588481287,Investment,1
1088,Bank of America,749678060,Savings,6
1089,Deutsche Bank,683670292,Business,7
1090,UBS,285550537,Business,2
1091,Goldman Sachs,107785159,Checking,6
1092,Citibank,392505921,Business,6
1093,Barclays,670017925,Corporate,4
1094,Wells Fargo,399463359,Savings,5
1095,Citibank,886030121,Checking,6
1096,Citibank,597014945,Business,5
1097,Bank of America,209577487,Business,4
1098,Citibank,288071110,Savings,3
1099,Goldman Sachs,617208238,Business,4
1100,JPMorgan Chase,320647303,Checking,6
1101,Barclays,387713139,Corporate,5
1102,Goldman Sachs,235903785,Business,2
1103,UBS,851319253,Business,6
1104,HSBC,444944975,Checking,4
1105,Bank of America,594407395,Investment,5
1106,Bank of America,384197515,Investment,5
1107,UBS,185436777,Savings,5
1108,JPMorgan Chase,625267070,Investment,7
1109,Bank of America,381549891,Savings,6
1110,HSBC,669305467,Investment,6
1111,JPMorgan Chase,654539690,Investment,5
1112,Wells Fargo,437573517,Savings,7
1113,UBS,563265648,Business,2
1114,Citibank,763446489,Corporate,2
1115,HSBC,872314781,Business,7
1116,Goldman Sachs,282983051,Corporate,2
1117,Bank of America,705118470,Business,1
1118,Wells Fargo,293392318,Corporate,1
1119,Credit Suisse,689971937,Investment,7
1120,HSBC,532451220,Business,5
1121,UBS,182282411,Savings,5
1122,Goldman Sachs,298492422,Corporate,6
1123,Goldman Sachs,130403147,Business,3
1124,Wells Fargo,183737194,Investment,4
1125,HSBC,702532609,Savings,7
1126,Bank of America,856739114,Savings,5
1127,Credit Suisse,536952041,Investment,5
1128,JPMorgan Chase,915957850,Business,6
1129,Wells Fargo,506557615,Corporate,6
1130,Goldman Sachs,317507434,Corporate,5
1131,Barclays,893544541,Corporate,6
1132,Citibank,607317513,Checking,1
1133,Citibank,627204338,Checking,7
1134,Bank of America,307318033,Business,1
1135,Wells Fargo,406335193,Checking,2
1136,Goldman Sachs,981536467,Business,3
1137,Deutsche Bank,918041547,Savings,5
1138,Deutsche Bank,854679099,Savings,7
1139,JPMorgan Chase,849626143,Corporate,4
1140,JPMorgan Chase,410019386,Corporate,4
1141,Citibank,541503856,Corporate,2
1142,Credit Suisse,430937312,Business,3
1143,Credit Suisse,773411920,Checking,2
1144,UBS,702493030,Business,5
1145,HSBC,132768044,Savings,3
1146,Wells Fargo,994724137,Business,4
1147,Citibank,261094684,Investment,6
1148,Barclays,885076179,Savings,2
1149,Wells Fargo,731324842,Checking,4
1150,JPMorgan Chase,466395812,Savings,1
1151,Credit Suisse,858411392,Business,7
1152,Barclays,921538315,Business,4
1153,HSBC,772775977,Corporate,6
1154,Credit Suisse,738848307,Savings,6
1155,HSBC,168739405,Corporate,2
1156,Goldman Sachs,593902294,Business,3
1157,Bank of America,622228527,Savings,5
1158,JPMorgan Chase,232927689,Business,4
1159,JPMorgan Chase,197887408,Investment,3
1160,Barclays,250009356,Corporate,4
1161,UBS,937901817,Business,6
1162,Credit Suisse,168014661,Checking,3
1163,Deutsche Bank,888092753,Corporate,5
1164,HSBC,593155281,Checking,1
1165,UBS,324466418,Savings,7
1166,HSBC,127416705,Investment,7
1167,JPMorgan Chase,858540780,Investment,6
1168,Goldman Sachs,682185266,Savings,6
1169,Goldman Sachs,216653001,Investment,5
1170,Barclays,961952145,Savings,1
1171,Citibank,458297309,Savings,1
1172,Goldman Sachs,536726493,Savings,4
1173,Wells Fargo,455110751,Investment,6
1174,Wells Fargo,274518644,Investment,2
1175,Deutsche Bank,931024629,Corporate,1
1176,HSBC,964681384,Investment,2
1177,HSBC,677213776,Checking,6
1178,UBS,976057193,Savings,1
1179,Deutsche Bank,563154270,Corporate,5
1180,Barclays,879994114,Checking,3
1181,Wells Fargo,524139115,Corporate,4
1182,Credit Suisse,225536143,Checking,2
1183,Wells Fargo,699155289,Business,2
1184,UBS,804406065,Savings,6
1185,HSBC,267003701,Investment,1
1186,Deutsche Bank,552798492,Corporate,7
1187,JPMorgan Chase,445033029,Business,5
1188,Citibank,822790260,Investment,5
1189,JPMorgan Chase,363627802,Business,5
1190,Credit Suisse,303872261,Savings,7
1191,Bank of America,214097140,Business,6
1192,JPMorgan Chase,270839450,Investment,4
1193,Citibank,696334238,Checking,7
1194,Credit Suisse,613541935,Business,7
1195,HSBC,721731311,Business,7
1196,Bank of America,857249624,Corporate,5
1197,Credit Suisse,941460692,Checking,1
1198,HSBC,613242462,Business,3
1199,Barclays,444159321,Savings,3
1200,Deutsche Bank,442445341,Business,7
1201,Credit Suisse,262257659,Savings,5
1202,Barclays,568033082,Business,7
1203,HSBC,339279666,Savings,5
1204,Citibank,914846731,Checking,6
1205,Deutsche Bank,862549240,Checking,7
1206,UBS,147154018,Investment,4
1207,Goldman Sachs,553714121,Corporate,7
1208,Credit Suisse,477397808,Corporate,2
1209,Credit Suisse,276875129,Investment,2
1210,Barclays,446045234,Checking,3
1211,Deutsche Bank,147923757,Savings,1
1212,Goldman Sachs,765658175,Savings,7
1213,Citibank,544757021,Savings,6
1214,HSBC,876242464,Checking,6
1215,Citibank,780091416,Business,4
1216,Wells Fargo,265071094,Corporate,6
1217,UBS,966823104,Savings,7
1218,Barclays,799266329,Savings,1
1219,Citibank,987048967,Corporate,2
1220,Barclays,869726451,Investment,7
1221,Wells Fargo,841944886,Corporate,1
1222,Credit Suisse,181174326,Savings,6
1223,Goldman Sachs,471198586,Investment,5
1224,UBS,995173091,Savings,3
1225,JPMorgan Chase,491175582,Business,1
1226,Goldman Sachs,118869850,Checking,7
1227,Wells Fargo,808516313,Business,1
1228,Citibank,347892069,Corporate,3
1229,JPMorgan Chase,992709406,Savings,5
1230,Deutsche Bank,379594009,Checking,3
1231,Goldman Sachs,515271619,Corporate,7
1232,Wells Fargo,609183483,Business,6
1233,Citibank,749879254,Savings,6
1234,Bank of America,449555716,Business,5
1235,Deutsche Bank,551233170,Investment,6
1236,Goldman Sachs,781259925,Corporate,3
1237,Deutsche Bank,216217865,Business,7
1238,HSBC,982861810,Corporate,5
1239,Deutsche Bank,679882047,Savings,4
1240,Deutsche Bank,708747898,Savings,7
1241,HSBC,925407924,Checking,1
1242,Barclays,571977698,Checking,1
1243,Goldman Sachs,812718462,Corporate,6
1244,Wells Fargo,237798311,Investment,4
1245,Barclays,702486398,Business,7
1246,UBS,977428111,Savings,4
1247,Deutsche Bank,595831188,Business,6
1248,Deutsche Bank,350098471,Investment,7
1249,Citibank,772930442,Corporate,4
1250,HSBC,637953372,Corporate,7
1251,Goldman Sachs,475030772,Investment,5
1252,Credit Suisse,184245661,Corporate,3
1253,Deutsche Bank,727241710,Savings,7
1254,Bank of America,138781661,Investment,2
1255,HSBC,850980350,Investment,2
1256,HSBC,928422891,Checking,6
1257,JPMorgan Chase,629092038,Corporate,3
1258,Bank of America,328044763,Checking,7
1259,JPMorgan Chase,849432720,Investment,1
1260,JPMorgan Chase,321797478,Checking,4
1261,Deutsche Bank,521234567,Corporate,6
1262,Goldman Sachs,959305930,Business,3
1263,JPMorgan Chase,475530526,Savings,3
1264,Citibank,376346364,Corporate,6
1265,Goldman Sachs,905956729,Investment,7
1266,Deutsche Bank,302431861,Savings,6
1267,Goldman Sachs,559206172,Checking,4
1268,Bank of America,755893792,Corporate,7
1269,Deutsche Bank,216638080,Savings,3
1270,Credit Suisse,234394687,Checking,5
1271,JPMorgan Chase,537897885,Business,3
1272,Goldman Sachs,540440193,Corporate,7
1273,Wells Fargo,357746684,Corporate,3
1274,UBS,667289245,Business,5
1275,Barclays,297608604,Corporate,6
1276,Deutsche Bank,737018493,Checking,7
1277,Goldman Sachs,609120913,Corporate,5
1278,Credit Suisse,529368254,Business,3
1279,UBS,106612862,Savings,5
1280,JPMorgan Chase,144725552,Business,2
1281,Credit Suisse,605114857,Checking,3
1282,Barclays,736831130,Checking,7
1283,Barclays,318505251,Corporate,4
1284,Deutsche Bank,576293768,Business,2
1285,Deutsche Bank,157404429,Investment,5
1286,Barclays,572790113,Savings,4
1287,UBS,599827497,Business,1
1288,JPMorgan Chase,831225295,Corporate,5
1289,HSBC,861139070,Corporate,5
1290,Goldman Sachs,123201508,Corporate,2
1291,Barclays,304175544,Savings,1
1292,Bank of America,903251484,Investment,2
1293,Deutsche Bank,415072448,Investment,7
1294,Citibank,638938106,Checking,3
1295,Bank of America,472175135,Checking,2
1296,Bank of America,881201309,Corporate,6
1297,Deutsche Bank,830722694,Business,3
1298,Wells Fargo,464270112,Checking,7
1299,JPMorgan Chase,792990468,Business,2
1300,Deutsche Bank,270016181,Corporate,5
1301,Credit Suisse,712202465,Savings,5
1302,Bank of America,763668802,Corporate,4
1303,UBS,415996773,Corporate,2
1304,Goldman Sachs,392237577,Checking,7
1305,UBS,227831668,Investment,7
1306,Citibank,320819839,Savings,1
1307,Bank of America,830515000,Investment,1
1308,Barclays,580725856,Savings,7
1309,Wells Fargo,206320173,Checking,5
1310,Citibank,619229576,Savings,4
1311,Wells Fargo,567708453,Savings,7
1312,Goldman Sachs,334966002,Savings,5
1313,Citibank,411723613,Corporate,3
1314,Wells Fargo,113127668,Business,6
1315,Barclays,608876712,Checking,5
1316,Credit Suisse,868884112,Checking,3
1317,Citibank,999884462,Investment,1
1318,Bank of America,450441839,Corporate,3
1319,HSBC,854230499,Checking,7
1320,Bank of America,821206121,Business,6
1321,Credit Suisse,115531208,Savings,5
1322,Citibank,207597000,Investment,2
1323,Credit Suisse,871892624,Savings,6
1324,Credit Suisse,135184489,Investment,3
1325,Barclays,368820315,Savings,7
1326,Goldman Sachs,785117505,Savings,5
1327,Wells Fargo,477902243,Savings,7
1328,JPMorgan Chase,966911678,Business,2
1329,UBS,443513415,Investment,1
1330,Goldman Sachs,456115686,Checking,5
1331,JPMorgan Chase,868780826,Corporate,3
1332,Deutsche Bank,749406381,Corporate,6
1333,Credit Suisse,808371820,Corporate,4
1334,Wells Fargo,852972133,Investment,6
1335,Barclays,702432551,Business,5
1336,UBS,178155623,Savings,7
1337,Barclays,765462291,Savings,6
1338,Wells Fargo,738413564,Investment,5
1339,UBS,977744868,Investment,4
1340,Barclays,343629567,Savings,6
1341,Bank of America,941906024,Corporate,7
1342,Goldman Sachs,831702601,Business,5
1343,Deutsche Bank,511487614,Savings,5
1344,Deutsche Bank,120056298,Corporate,6
1345,Barclays,192336855,Corporate,4
1346,Deutsche Bank,646755765,Checking,3
1347,UBS,283834986,Checking,5
1348,Bank of America,895709800,Investment,1
1349,HSBC,831398102,Savings,6
1350,UBS,590539914,Investment,1
1351,Wells Fargo,477893386,Investment,2
1352,Wells Fargo,178004698,Corporate,1
1353,HSBC,635188955,Business,1
1354,Deutsche Bank,891246009,Business,5
1355,Deutsche Bank,347952870,Savings,3
1356,Deutsche Bank,757695272,Checking,4
1357,UBS,805212910,Corporate,6
1358,Credit Suisse,231013602,Business,4
1359,HSBC,228619247,Checking,3
1360,Credit Suisse,638594102,Corporate,6
1361,Bank of America,249589582,Business,3
1362,Goldman Sachs,958541736,Checking,4
1363,Wells Fargo,695922747,Investment,1
1364,Wells Fargo,885783138,Investment,1
1365,Citibank,103453234,Investment,5
1366,UBS,418930718,Investment,3
1367,Barclays,761043064,Savings,5
1368,Barclays,505098089,Investment,7
1369,UBS,555397288,Corporate,6
1370,Credit Suisse,898465783,Investment,6
1371,Bank of America,618610793,Business,1
1372,Wells Fargo,887916147,Savings,7
1373,Citibank,383216394,Business,2
1374,UBS,694150621,Savings,7
1375,Barclays,189765785,Business,3
1376,Goldman Sachs,925584534,Investment,4
1377,JPMorgan Chase,275595122,Corporate,1
1378,UBS,736634127,Corporate,4
1379,Goldman Sachs,273391498,Business,7
1380,Credit Suisse,144802754,Investment,5
1381,HSBC,466205697,Savings,1
1382,Barclays,616920039,Corporate,3
1383,HSBC,669838312,Business,3
1384,UBS,684363794,Investment,6
1385,Citibank,138795415,Savings,7
1386,UBS,401900872,Savings,5
1387,Citibank,677320085,Investment,7
1388,Bank of America,317468121,Business,1
1389,Deutsche Bank,624394708,Corporate,3
1390,Credit Suisse,519799816,Checking,5
1391,HSBC,384258114,Investment,3
1392,Deutsche Bank,123326798,Business,2
1393,UBS,656464859,Corporate,3
1394,Bank of America,513851798,Checking,7
1395,Citibank,176761799,Checking,1
1396,Bank of America,102047282,Investment,1
1397,HSBC,258820684,Business,3
1398,Goldman Sachs,255497736,Checking,7
1399,Deutsche Bank,332932974,Savings,3
1400,Credit Suisse,836208280,Business,1
1401,Citibank,650694393,Corporate,1
1402,Deutsche Bank,700257756,Checking,7
1403,UBS,316164358,Investment,6
1404,Goldman Sachs,818678434,Checking,3
1405,JPMorgan Chase,294315077,Corporate,6
1406,JPMorgan Chase,810658007,Checking,6
1407,Wells Fargo,958088357,Corporate,4
1408,UBS,546500075,Savings,2
1409,Bank of America,942743126,Investment,6
1410,Goldman Sachs,340085874,Checking,4
1411,Citibank,768425022,Corporate,4
1412,UBS,469595142,Checking,6
1413,JPMorgan Chase,176383730,Savings,6
1414,Barclays,436293722,Business,2
1415,UBS,881049469,Checking,3
1416,UBS,192877092,Checking,6
1417,Barclays,640483346,Business,7
1418,HSBC,639961193,Corporate,7
1419,HSBC,134281455,Business,3
1420,UBS,957963401,Corporate,6
1421,Goldman Sachs,141442354,Business,6
1422,Citibank,926724751,Checking,3
1423,HSBC,691146488,Business,6
1424,JPMorgan Chase,697882997,Savings,1
1425,Deutsche Bank,763557076,Savings,3
1426,Barclays,310059822,Savings,2
1427,Deutsche Bank,380187164,Savings,3
1428,JPMorgan Chase,699237112,Corporate,4
1429,JPMorgan Chase,775544627,Business,6
1430,Barclays,270973215,Checking,5
1431,JPMorgan Chase,529817591,Business,7
1432,Goldman Sachs,717674272,Checking,6
1433,UBS,226780858,Corporate,4
1434,JPMorgan Chase,941147316,Investment,4
1435,JPMorgan Chase,841941247,Savings,2
1436,HSBC,171019585,Corporate,7
1437,HSBC,773639457,Corporate,1
1438,HSBC,691858199,Corporate,5
1439,HSBC,353489610,Corporate,3
1440,Goldman Sachs,624428021,Checking,3
1441,Credit Suisse,592399949,Checking,4
1442,Bank of America,561237227,Checking,6
1443,Goldman Sachs,578364656,Business,5
1444,HSBC,333092915,Business,5
1445,Barclays,550145535,Business,6
1446,Barclays,756121232,Investment,5
1447,Barclays,942521430,Checking,6
1448,UBS,742572286,Checking,5
1449,Credit Suisse,664880024,Checking,6
1450,Citibank,435423601,Corporate,6
1451,Barclays,395989195,Savings,1
1452,HSBC,921825453,Investment,2
1453,Citibank,682924900,Investment,4
1454,Barclays,129961750,Savings,7
1455,HSBC,512757489,Checking,4
1456,Goldman Sachs,446885032,Savings,6
1457,HSBC,934294635,Corporate,2
1458,UBS,987282150,Corporate,1
1459,Bank of America,381671691,Savings,2
1460,Deutsche Bank,112027327,Investment,1
1461,Credit Suisse,303080813,Checking,2
1462,Wells Fargo,222373488,Business,7
1463,Deutsche Bank,314362425,Corporate,3
1464,Credit Suisse,747477613,Business,3
1465,JPMorgan Chase,639616003,Savings,5
1466,HSBC,249975997,Savings,2
1467,Barclays,242562674,Corporate,2
1468,Wells Fargo,271687016,Business,1
1469,Citibank,612984687,Business,2
1470,Wells Fargo,401369554,Corporate,2
1471,JPMorgan Chase,998321519,Corporate,5
1472,Citibank,276263634,Investment,4
1473,JPMorgan Chase,700196654,Corporate,3
1474,Deutsche Bank,475180937,Business,1
1475,UBS,147313394,Corporate,1
1476,Barclays,753783658,Corporate,7
1477,JPMorgan Chase,303828054,Savings,4
1478,Wells Fargo,354986115,Savings,2
1479,Credit Suisse,646452120,Checking,7
1480,Credit Suisse,622242214,Investment,6
1481,UBS,991065183,Savings,1
1482,Credit Suisse,134459677,Savings,7
1483,Wells Fargo,920286430,Checking,3
1484,Barclays,294738530,Investment,6
1485,UBS,525687036,Investment,6
1486,Citibank,273367294,Investment,4
1487,Wells Fargo,360556953,Business,7
1488,JPMorgan Chase,717577246,Savings,6
1489,Citibank,268130164,Corporate,6
1490,Goldman Sachs,362106355,Investment,7
1491,UBS,832034852,Checking,4
1492,HSBC,452235625,Checking,7
1493,HSBC,417783855,Business,4
1494,Wells Fargo,417510668,Checking,1
1495,UBS,634743096,Savings,3
1496,Barclays,857644549,Business,6
1497,Credit Suisse,416834501,Corporate,4
1498,Citibank,400640736,Checking,5
1499,Barclays,700460251,Checking,1
1500,Citibank,774439354,Investment,3
1501,JPMorgan Chase,845222653,Investment,5
1502,Credit Suisse,920531612,Investment,3
1503,Bank of America,254063508,Savings,2
1504,Deutsche Bank,817755547,Savings,5
1505,Citibank,527230452,Investment,2
1506,Credit Suisse,847827206,Savings,1
1507,Citibank,724419403,Investment,2
1508,Credit Suisse,433783612,Corporate,2
1509,Bank of America,728843224,Business,1
1510,Wells Fargo,150557028,Investment,5
1511,Deutsche Bank,464110112,Corporate,2
1512,Bank of America,216768506,Investment,1
1513,Wells Fargo,645354504,Investment,1
1514,Credit Suisse,591299871,Corporate,4
1515,Credit Suisse,302871853,Investment,1
1516,Citibank,819604593,Savings,3
1517,Barclays,191547237,Checking,1
1518,JPMorgan Chase,162896153,Savings,4
1519,Deutsche Bank,396918833,Business,1
1520,Bank of America,799934474,Savings,4
1521,Goldman Sachs,124818440,Checking,5
1522,Wells Fargo,304538352,Business,2
1523,HSBC,819769747,Corporate,7
1524,Goldman Sachs,458189512,Savings,1
1525,Credit Suisse,999345859,Investment,4
1526,Deutsche Bank,636601197,Business,6
1527,Deutsche Bank,859975641,Corporate,3
1528,Citibank,567247239,Corporate,2
1529,Deutsche Bank,660812903,Checking,6
1530,Citibank,524607519,Corporate,7
1531,Citibank,263842922,Savings,2
1532,UBS,294251630,Savings,7
1533,Credit Suisse,489555611,Business,6
1534,Goldman Sachs,174973792,Investment,3
1535,Citibank,220175791,Investment,1
1536,Goldman Sachs,601880621,Corporate,1
1537,UBS,643106832,Business,2
1538,HSBC,361217930,Business,3
1539,Bank of America,711677321,Business,1
1540,Citibank,464625747,Investment,4
1541,HSBC,795538657,Checking,3
1542,Barclays,541100664,Savings,3
1543,UBS,443899080,Corporate,4
1544,JPMorgan Chase,525435480,Business,5
1545,Barclays,655294640,Corporate,1
1546,Credit Suisse,269256012,Savings,1
1547,UBS,988144118,Savings,7
1548,Credit Suisse,480293613,Checking,7
1549,Wells Fargo,286100728,Savings,6
1550,Deutsche Bank,286127710,Business,1
1551,Credit Suisse,927985644,Savings,4
1552,Deutsche Bank,935950232,Investment,3
1553,Citibank,492677310,Savings,4
1554,JPMorgan Chase,629679060,Savings,6
1555,Barclays,860915414,Checking,4
1556,HSBC,674797506,Investment,3
1557,Deutsche Bank,100305808,Business,4
1558,Deutsche Bank,701874713,Investment,7
1559,HSBC,640548393,Checking,4
1560,Goldman Sachs,860294484,Business,1
1561,Deutsche Bank,604064389,Checking,2
1562,Goldman Sachs,184289126,Business,7
1563,Goldman Sachs,850538512,Savings,5
1564,Citibank,710539965,Business,2
1565,Citibank,201344981,Investment,4
1566,Deutsche Bank,737005053,Corporate,6
1567,Wells Fargo,593012933,Business,1
1568,UBS,636623853,Checking,3
1569,Goldman Sachs,861300345,Business,4
1570,Goldman Sachs,730243868,Savings,7
1571,Goldman Sachs,585013515,Savings,3
1572,Goldman Sachs,717910980,Savings,6
1573,JPMorgan Chase,271844697,Savings,5
1574,Credit Suisse,244765601,Checking,1
1575,Bank of America,644462610,Corporate,4
1576,JPMorgan Chase,235067700,Checking,3
1577,JPMorgan Chase,784379031,Savings,3
1578,UBS,417732316,Checking,2
1579,JPMorgan Chase,449330176,Investment,6
1580,Citibank,854263856,Investment,1
1581,Deutsche Bank,362867290,Investment,1
1582,Citibank,191910246,Business,7
1583,HSBC,970709279,Corporate,7
1584,Citibank,849874620,Checking,2
1585,Citibank,592674514,Savings,5
1586,HSBC,877644209,Investment,5
1587,Citibank,149415114,Checking,2
1588,Goldman Sachs,378346378,Investment,4
1589,HSBC,562890035,Investment,5
1590,HSBC,753988456,Corporate,2
1591,Barclays,305784050,Corporate,5
1592,HSBC,360070884,Corporate,5
1593,Goldman Sachs,285060341,Checking,5
1594,Credit Suisse,346336848,Savings,2
1595,Wells Fargo,306012599,Savings,7
1596,UBS,221991098,Savings,5
1597,HSBC,998516704,Savings,7
1598,Goldman Sachs,529762601,Business,3
1599,JPMorgan Chase,634786604,Savings,2
1600,Barclays,132103457,Investment,1
1601,Goldman Sachs,841097451,Checking,3
1602,HSBC,569875557,Investment,1
1603,Credit Suisse,592769472,Corporate,1
1604,Deutsche Bank,390662063,Checking,7
1605,Credit Suisse,705489502,Checking,6
1606,Citibank,549740181,Corporate,7
1607,Citibank,216422203,Corporate,2
1608,HSBC,585423689,Investment,7
1609,JPMorgan Chase,894589722,Corporate,3
1610,JPMorgan Chase,242360753,Investment,4
1611,Barclays,755637998,Corporate,6
1612,Bank of America,283686373,Checking,6
1613,Deutsche Bank,527183840,Checking,4
1614,Deutsche Bank,237311071,Investment,6
1615,JPMorgan Chase,936178258,Checking,5
1616,JPMorgan Chase,697450839,Investment,1
1617,Credit Suisse,663179371,Checking,3
1618,Wells Fargo,752582596,Investment,2
1619,Deutsche Bank,441586490,Corporate,6
1620,UBS,790298300,Business,4
1621,Barclays,842868711,Investment,7
1622,Citibank,530411797,Investment,5
1623,Bank of America,375056062,Investment,5
1624,HSBC,170930219,Investment,2
1625,Barclays,807158932,Savings,2
1626,HSBC,633691859,Savings,2
1627,UBS,314522466,Savings,5
1628,Deutsche Bank,635549515,Investment,6
1629,HSBC,761310821,Savings,3
1630,Credit Suisse,545516032,Business,3
1631,Citibank,729791186,Corporate,2
1632,HSBC,206485849,Corporate,3
1633,HSBC,560273470,Investment,5
1634,Credit Suisse,254287701,Checking,1
1635,Bank of America,716344863,Savings,3
1636,Goldman Sachs,310756644,Checking,5
1637,Credit Suisse,801840109,Corporate,7
1638,Citibank,361670023,Savings,2
1639,Deutsche Bank,132841396,Investment,3
1640,Credit Suisse,909942466,Checking,5
1641,Citibank,828012349,Checking,7
1642,HSBC,739869074,Investment,4
1643,UBS,917480847,Business,4
1644,JPMorgan Chase,662947296,Investment,1
1645,Citibank,119964274,Corporate,7
1646,HSBC,347003416,Corporate,4
1647,UBS,390432537,Business,5
1648,Goldman Sachs,891492217,Checking,1
1649,HSBC,836722878,Corporate,7
1650,Citibank,991002300,Checking,5
1651,Wells Fargo,404987508,Checking,3
1652,Deutsche Bank,757513858,Savings,1
1653,HSBC,280820953,Checking,7
1654,UBS,182801443,Checking,3
1655,Citibank,725250447,Checking,6
1656,Bank of America,314854785,Savings,1
1657,Credit Suisse,699654481,Checking,5
1658,Goldman Sachs,926710073,Corporate,7
1659,UBS,170362834,Corporate,2
1660,Citibank,593529852,Checking,7
1661,Credit Suisse,375886372,Savings,2
1662,Wells Fargo,631836358,Savings,2
1663,Wells Fargo,171869369,Savings,2
1664,UBS,140241355,Savings,3
1665,HSBC,379611070,Savings,1
1666,Citibank,874617616,Investment,1
1667,HSBC,787709780,Checking,5
1668,JPMorgan Chase,351216240,Checking,4
1669,Bank of America,890766911,Business,1
1670,JPMorgan Chase,807589691,Checking,4
1671,Deutsche Bank,790785930,Business,3
1672,Deutsche Bank,488829785,Savings,1
1673,UBS,769449623,Corporate,6
1674,HSBC,463315219,Business,2
1675,Barclays,362964853,Corporate,5
1676,HSBC,265243085,Business,2
1677,Citibank,578464998,Business,1
1678,Barclays,584434977,Corporate,6
1679,Goldman Sachs,299790003,Corporate,7
1680,Barclays,422856146,Savings,6
1681,Credit Suisse,959166980,Checking,4
1682,Barclays,877580021,Business,1
1683,Credit Suisse,121368284,Investment,5
1684,Deutsche Bank,196749128,Checking,3
1685,Citibank,542804465,Checking,6
1686,Barclays,970389362,Checking,2
1687,UBS,561608271,Business,1
1688,JPMorgan Chase,151731390,Corporate,3
1689,Goldman Sachs,516566877,Business,4
1690,HSBC,105041837,Business,4
1691,HSBC,824492553,Corporate,1
1692,UBS,294138159,Savings,7
1693,Wells Fargo,815861117,Savings,3
1694,HSBC,623298078,Savings,3
1695,Barclays,408412740,Checking,7
1696,Deutsche Bank,565389838,Savings,3
1697,Credit Suisse,615488664,Corporate,6
1698,JPMorgan Chase,819479370,Investment,3
1699,Credit Suisse,585666690,Corporate,1
1700,Wells Fargo,893758573,Corporate,2
1701,Wells Fargo,326835045,Savings,2
1702,Goldman Sachs,197240856,Business,5
1703,JPMorgan Chase,272156220,Checking,6
1704,JPMorgan Chase,938929996,Checking,4
1705,Bank of America,635332546,Corporate,2
1706,Wells Fargo,791928092,Business,4
1707,Citibank,677102744,Checking,1
1708,Goldman Sachs,684031685,Investment,5
1709,Deutsche Bank,625672458,Savings,3
1710,Bank of America,720257214,Savings,7
1711,Deutsche Bank,146493764,Corporate,2
1712,Goldman Sachs,699182652,Checking,6
1713,UBS,141501171,Business,1
1714,Goldman Sachs,804139581,Corporate,2
1715,HSBC,312321922,Investment,2
1716,Wells Fargo,294260000,Investment,6
1717,Wells Fargo,446907811,Investment,2
1718,UBS,816366078,Checking,2
1719,Barclays,528034656,Checking,3
1720,HSBC,578643528,Business,5
1721,Bank of America,108360872,Checking,7
1722,Wells Fargo,736628741,Investment,2
1723,Credit Suisse,922240231,Savings,4
1724,JPMorgan Chase,392905873,Checking,4
1725,JPMorgan Chase,539277738,Business,7
1726,Credit Suisse,445318810,Corporate,7
1727,Deutsche Bank,668131866,Corporate,6
1728,UBS,484301380,Checking,1
1729,UBS,409328978,Savings,4
1730,Wells Fargo,637783243,Corporate,2
1731,Wells Fargo,275557573,Business,1
1732,HSBC,109473925,Corporate,1
1733,Citibank,464208772,Corporate,2
1734,Credit Suisse,552726757,Corporate,6
1735,Bank of America,511250713,Business,5
1736,Barclays,291551493,Investment,6
1737,Barclays,450098909,Savings,4
1738,Citibank,356701244,Checking,4
1739,Credit Suisse,683048593,Corporate,4
1740,HSBC,686609119,Corporate,5
1741,HSBC,940191041,Business,1
1742,UBS,105124539,Investment,6
1743,Barclays,751152224,Checking,7
1744,Citibank,151793802,Corporate,2
1745,Credit Suisse,880093431,Savings,6
1746,HSBC,246147239,Business,4
1747,Wells Fargo,472654055,Savings,4
1748,Bank of America,908010826,Investment,1
1749,UBS,832213822,Business,5
1750,UBS,461478467,Business,3
1751,Bank of America,838819119,Business,5
1752,Bank of America,236858610,Corporate,6
1753,Wells Fargo,742694159,Savings,5
1754,JPMorgan Chase,835649184,Checking,1
1755,Deutsche Bank,310241045,Savings,4
1756,Citibank,157647822,Corporate,1
1757,Bank of America,739763141,Business,3
1758,Wells Fargo,360784619,Investment,4
1759,Wells Fargo,335903546,Savings,7
1760,Credit Suisse,437220709,Investment,1
1761,JPMorgan Chase,423772197,Investment,2
1762,Deutsche Bank,295477906,Investment,4
1763,Wells Fargo,574176567,Investment,2
1764,HSBC,960666575,Business,6
1765,HSBC,972031232,Savings,5
1766,Goldman Sachs,843150117,Checking,7
1767,JPMorgan Chase,663769550,Investment,2
1768,Credit Suisse,641270968,Investment,1
1769,HSBC,647566273,Checking,4
1770,HSBC,536121077,Business,7
1771,Deutsche Bank,107461097,Savings,7
1772,Deutsche Bank,547922873,Business,4
1773,Goldman Sachs,311055727,Business,4
1774,Credit Suisse,835842152,Checking,5
1775,Deutsche Bank,449434868,Savings,1
1776,Bank of America,178326941,Checking,1
1777,Barclays,451504538,Corporate,1
1778,JPMorgan Chase,702088149,Checking,1
1779,Credit Suisse,698656430,Investment,3
1780,UBS,950311631,Savings,6
1781,Credit Suisse,130532109,Checking,7
1782,Deutsche Bank,407266683,Business,5
1783,UBS,723125030,Investment,3
1784,Deutsche Bank,974552406,Savings,6
1785,HSBC,592835866,Corporate,1
1786,Goldman Sachs,195475639,Savings,1
1787,Credit Suisse,881765351,Investment,2
1788,Wells Fargo,718296607,Business,1
1789,HSBC,816042672,Checking,4
1790,Barclays,477050167,Investment,5
1791,Deutsche Bank,804785167,Corporate,2
1792,UBS,368815253,Savings,3
1793,Wells Fargo,592739795,Savings,4
1794,Deutsche Bank,887526311,Business,2
1795,Credit Suisse,360300135,Checking,6
1796,HSBC,418054354,Business,1
1797,Credit Suisse,909825093,Business,4
1798,UBS,559369035,Corporate,4
1799,Barclays,934912983,Checking,6
1800,Barclays,149132456,Checking,2
1801,Goldman Sachs,194313339,Investment,5
1802,Goldman Sachs,423699087,Checking,5
1803,Wells Fargo,537048528,Investment,1
1804,HSBC,158668200,Corporate,6
1805,UBS,293283247,Investment,4
1806,Bank of America,665262989,Corporate,4
1807,Goldman Sachs,287535461,Checking,7
1808,Goldman Sachs,767210616,Business,1
1809,Goldman Sachs,451852160,Investment,6
1810,Citibank,890184340,Savings,2
1811,HSBC,360262678,Savings,1
1812,Bank of America,864143575,Savings,1
1813,Barclays,982248613,Checking,3
1814,Bank of America,802717064,Business,7
1815,Deutsche Bank,134914210,Business,6
1816,Wells Fargo,344896026,Business,7
1817,Deutsche Bank,472545734,Corporate,1
1818,Bank of America,366085698,Savings,4
1819,Credit Suisse,919679979,Checking,1
1820,HSBC,542022353,Business,1
1821,Credit Suisse,527373053,Business,1
1822,HSBC,139452510,Savings,2
1823,Deutsche Bank,847510689,Corporate,1
1824,Goldman Sachs,747239878,Savings,5
1825,HSBC,931195479,Checking,4
1826,Citibank,482741656,Savings,3
1827,Citibank,980210100,Checking,1
1828,Wells Fargo,770059260,Investment,4
1829,Barclays,442409957,Checking,1
1830,Bank of America,601928410,Checking,6
1831,Credit Suisse,745742516,Corporate,3
1832,Goldman Sachs,182172355,Corporate,4
1833,Wells Fargo,540583359,Business,5
1834,UBS,481576847,Corporate,2
1835,UBS,628046777,Checking,1
1836,Wells Fargo,414519496,Investment,3
1837,Barclays,142760467,Savings,6
1838,JPMorgan Chase,943969528,Checking,3
1839,Goldman Sachs,928307047,Corporate,6
1840,UBS,955684913,Checking,6
1841,Citibank,227759580,Checking,3
1842,Credit Suisse,649752531,Business,3
1843,Citibank,996070426,Savings,2
1844,Bank of America,435609187,Corporate,5
1845,JPMorgan Chase,600736534,Investment,3
1846,Citibank,953210247,Investment,4
1847,Citibank,187435916,Investment,4
1848,Wells Fargo,162577825,Corporate,3
1849,HSBC,669630418,Investment,1
1850,Barclays,231418525,Investment,6
1851,UBS,379607381,Savings,5
1852,HSBC,215516512,Savings,2
1853,Bank of America,279061727,Investment,3
1854,Citibank,348260704,Business,5
1855,HSBC,758186604,Business,3
1856,Bank of America,920955412,Savings,1
1857,Deutsche Bank,276203780,Investment,3
1858,HSBC,415301544,Checking,4
1859,Credit Suisse,908183058,Investment,6
1860,Credit Suisse,938084763,Checking,4
1861,Wells Fargo,770264195,Corporate,3
1862,UBS,356333676,Checking,2
1863,Barclays,670063508,Business,3
1864,UBS,743936672,Checking,5
1865,HSBC,745313039,Checking,3
1866,Citibank,225543853,Savings,5
1867,Wells Fargo,491652678,Savings,7
1868,Goldman Sachs,232720581,Corporate,6
1869,UBS,229981383,Checking,5
1870,Goldman Sachs,522415594,Corporate,1
1871,Goldman Sachs,100357707,Savings,4
1872,Credit Suisse,767127711,Investment,2
1873,HSBC,722752971,Investment,4
1874,Citibank,699234482,Checking,7
1875,Wells Fargo,552144657,Corporate,5
1876,JPMorgan Chase,245002651,Savings,4
1877,JPMorgan Chase,319313264,Savings,1
1878,Citibank,183322298,Savings,7
1879,Credit Suisse,974257038,Corporate,6
1880,Bank of America,212293294,Savings,3
1881,UBS,405467063,Savings,6
1882,Citibank,829433851,Investment,7
1883,Goldman Sachs,614126393,Business,2
1884,Goldman Sachs,488201983,Investment,4
1885,Goldman Sachs,956794411,Corporate,4
1886,Citibank,852931186,Checking,5
1887,Citibank,392538378,Corporate,4
1888,JPMorgan Chase,695493189,Corporate,4
1889,Wells Fargo,347413602,Business,2
1890,Citibank,558924987,Investment,6
1891,Deutsche Bank,370524088,Corporate,1
1892,Deutsche Bank,562833141,Checking,7
1893,Bank of America,136858490,Investment,1
1894,HSBC,359537473,Checking,7
1895,HSBC,461037117,Savings,2
1896,Goldman Sachs,373936354,Investment,7
1897,Goldman Sachs,482853061,Checking,4
1898,JPMorgan Chase,223796721,Investment,1
1899,JPMorgan Chase,716216622,Savings,5
1900,Barclays,540092711,Business,7
1901,UBS,324859278,Business,2
1902,UBS,976763830,Savings,6
1903,Wells Fargo,384527931,Business,7
1904,Citibank,493572394,Savings,6
1905,UBS,713008023,Business,2
1906,Wells Fargo,538545372,Checking,5
1907,UBS,440331134,Savings,4
1908,Barclays,755173259,Investment,3
1909,Wells Fargo,176741859,Business,5
1910,Bank of America,685842117,Savings,4
1911,Barclays,900085237,Checking,4
1912,Barclays,863065487,Investment,2
1913,Deutsche Bank,952106254,Investment,1
1914,Barclays,529584465,Corporate,4
1915,Wells Fargo,241704599,Corporate,2
1916,Deutsche Bank,321655206,Checking,3
1917,JPMorgan Chase,661282379,Business,2
1918,JPMorgan Chase,645204102,Savings,2
1919,Deutsche Bank,228726504,Savings,4
1920,Wells Fargo,757908549,Investment,7
1921,UBS,738758472,Business,1
1922,Wells Fargo,883302045,Savings,1
1923,Credit Suisse,581616252,Corporate,4
1924,Citibank,609333930,Business,5
1925,Barclays,185630733,Investment,4
1926,Deutsche Bank,791319093,Investment,7
1927,UBS,262974492,Savings,6
1928,Bank of America,627669322,Corporate,1
1929,Wells Fargo,808996719,Checking,6
1930,Bank of America,165140874,Investment,3
1931,HSBC,323515491,Business,6
1932,Wells Fargo,541324124,Savings,1
1933,Wells Fargo,113637812,Savings,2
1934,Deutsche Bank,469045142,Investment,7
1935,Citibank,506767654,Business,5
1936,Barclays,193415530,Corporate,3
1937,Wells Fargo,330498542,Checking,4
1938,Barclays,723996731,Corporate,7
1939,Goldman Sachs,969281621,Savings,7
1940,Barclays,451141197,Checking,5
1941,Barclays,327071018,Checking,3
1942,Citibank,632554167,Business,7
1943,Bank of America,128819840,Checking,5
1944,HSBC,680070520,Savings,5
1945,HSBC,839298031,Investment,6
1946,Credit Suisse,163496995,Business,7
1947,Citibank,303181944,Business,5
1948,Goldman Sachs,111544237,Savings,2
1949,HSBC,243184022,Investment,3
1950,Credit Suisse,442670131,Checking,3
1951,Barclays,230484225,Savings,5
1952,Barclays,952037441,Investment,7
1953,Deutsche Bank,585011735,Corporate,1
1954,JPMorgan Chase,606151802,Investment,2
1955,Deutsche Bank,499307642,Corporate,6
1956,Deutsche Bank,159155597,Checking,3
1957,JPMorgan Chase,964186846,Corporate,1
1958,Citibank,973093801,Corporate,2
1959,HSBC,142891257,Checking,1
1960,Citibank,348994970,Corporate,5
1961,Goldman Sachs,214619259,Savings,1
1962,Deutsche Bank,211610309,Corporate,7
1963,Wells Fargo,772605205,Investment,1
1964,Bank of America,162927788,Investment,5
1965,UBS,814580786,Investment,5
1966,Goldman Sachs,203953071,Savings,4
1967,JPMorgan Chase,973713614,Corporate,1
1968,UBS,921032822,Corporate,7
1969,UBS,983177996,Corporate,7
1970,Wells Fargo,190179790,Corporate,6
1971,Goldman Sachs,894282421,Business,4
1972,JPMorgan Chase,133377480,Corporate,5
1973,Barclays,222061547,Business,6
1974,Citibank,787362080,Checking,3
1975,Deutsche Bank,987806960,Business,3
1976,Wells Fargo,193038607,Corporate,3
1977,Wells Fargo,104903913,Investment,4
1978,Citibank,867592961,Investment,2
1979,Bank of America,581341814,Checking,3
1980,Bank of America,934716136,Savings,6
1981,JPMorgan Chase,894114000,Savings,5
1982,Credit Suisse,665045899,Checking,2
1983,Citibank,233985113,Business,5
1984,Citibank,808384602,Corporate,4
1985,Wells Fargo,324669710,Corporate,6
1986,Deutsche Bank,157921963,Investment,2
1987,HSBC,724130236,Business,4
1988,HSBC,946049996,Savings,3
1989,JPMorgan Chase,986020292,Checking,7
1990,JPMorgan Chase,699839032,Business,3
1991,Bank of America,630580543,Investment,7
1992,Wells Fargo,147315717,Savings,4
1993,UBS,523625835,Checking,1
1994,JPMorgan Chase,525524236,Savings,6
1995,Wells Fargo,862972389,Investment,6
1996,Bank of America,501764533,Savings,1
1997,Wells Fargo,165972836,Checking,4
1998,Deutsche Bank,551686385,Investment,2
1999,Wells Fargo,299497867,Corporate,3
2000,Citibank,907783291,Business,7
